zone_id,zone_name,rooms_in_zone,zone_description,bhk_applicability,facing_dependency,must_be_accessible_from,must_not_be_accessible_from,max_depth_from_entry,min_zone_width_m,recommended_zone_fraction,vastu_zone_name,cross_ventilation_required,natural_light_required,noise_sensitivity,privacy_penetration_rule,drawing_color_hint,typical_tn_arrangement
1,FRONT_ZONE,verandah,Entry threshold and semi-outdoor reception zone full width along road-facing edge of dwelling,ALL,N,ENTRY_SEQUENCE,PRIVATE_ZONE,0,3.0,0.12,Dwar,1,1,LOW,Verandah wall open to visitor view — bedroom beyond must not be directly visible through any opening,#E8F4E8,Full-width verandah along north boundary with thinnai seating one side and main door centred
2,FRONT_ZONE,verandah,South-facing full-width verandah with deep 1.8m overhang to shade afternoon sun entry,ALL,S,ENTRY_SEQUENCE,PRIVATE_ZONE,0,3.0,0.12,Dwar,1,1,LOW,Verandah wall open to south road — must orient main door to capture NE morning light indirectly,#E8F4E8,Deep verandah on south boundary with 1.8m overhead shade; main door set back 0.3m from verandah edge
3,FRONT_ZONE,verandah,East-facing verandah receiving morning sun — auspicious entry orientation per vastu,ALL,E,ENTRY_SEQUENCE,PRIVATE_ZONE,0,3.0,0.12,Dwar,1,1,LOW,Verandah open to east road — living room entry benefits from morning light; bedroom not visible from gate,#E8F4E8,Full-width verandah on east boundary with kolam space at threshold; morning sun illuminates main door
4,FRONT_ZONE,verandah,West-facing verandah with deep overhang and jali screen to filter afternoon sun,ALL,W,ENTRY_SEQUENCE,PRIVATE_ZONE,0,3.0,0.12,Dwar,1,1,LOW,Verandah screened from west sun — jali or perforated panel prevents direct glare on entry threshold,#E8F4E8,West verandah with 900mm jali screen or pergola above; thinnai on south side away from sun
5,PUBLIC_ZONE,"living,dining",Social reception and dining zone directly accessible from verandah in 1BHK compact layout,1BHK,ANY,FRONT_ZONE,PRIVATE_ZONE,1,2.5,0.38,Uttara,1,1,LOW,Any bedroom door visible from living in 1BHK breaks public zone boundary completely,#D4EDDA,1BHK combined living-dining as single space with low partition or archway; kitchen at back end
6,PUBLIC_ZONE,"living,dining",Two-zone social space with open living-dining connected by wide archway in standard 2BHK,2BHK,ANY,FRONT_ZONE,PRIVATE_ZONE,1,3.0,0.35,Uttara,1,1,LOW,Corridor door visible from dining in 2BHK exposes private wing to guests during meals,#D4EDDA,2BHK living on north/front; dining toward service side connected by 1.8m archway; no bedroom visible
7,PUBLIC_ZONE,"living,dining",Three-zone social arrangement with separate living and formal dining in standard 3BHK,3BHK,ANY,FRONT_ZONE,PRIVATE_ZONE,1,3.6,0.30,Uttara,1,1,LOW,Bedroom corridor door facing dining table destroys visual privacy during family meals in 3BHK,#D4EDDA,3BHK living occupies full front band; dining between living and kitchen; corridor entrance away from dining axis
8,PUBLIC_ZONE,"living,dining",Generous social wing with spacious living formal dining and entry foyer in premium 4BHK,4BHK,ANY,FRONT_ZONE,PRIVATE_ZONE,1,4.0,0.28,Uttara,1,1,LOW,Multiple bedroom doors visible from living in 4BHK destroys entire private zone enclosure for guests,#D4EDDA,4BHK wide living with foyer alcove; formal dining separate from living with passage between them; corridor hidden
9,SERVICE_ZONE,"kitchen,utility,toilet_common",Compact service pod with kitchen and common toilet for 1BHK layout,1BHK,ANY,PUBLIC_ZONE,PRIVATE_ZONE,2,2.0,0.28,Agni,1,1,LOW,Kitchen accessible only through bedroom — service disrupts private zone completely in 1BHK,#FFF9C4,1BHK kitchen in SE corner; common toilet adjacent on W side; utility omitted on small plots
10,SERVICE_ZONE,"kitchen,utility,toilet_common",Full service zone with kitchen utility and common toilet in standard 2BHK,2BHK,ANY,PUBLIC_ZONE,PRIVATE_ZONE,2,2.5,0.26,Agni,1,1,LOW,Service entrance path crosses bedroom approach — maid access disrupts private zone boundary,#FFF9C4,2BHK kitchen SE corner; utility behind on S wall; common toilet NW accessible from corridor; service door E side
11,SERVICE_ZONE,"kitchen,utility,toilet_common,staircase",Extended service zone with staircase in 3BHK for G+1 construction,3BHK,ANY,PUBLIC_ZONE,PRIVATE_ZONE,2,3.0,0.25,Agni,1,1,LOW,Staircase opening visible from dining — vertical circulation exposes service zone to social spaces,#FFF9C4,3BHK kitchen SE; utility and staircase S wall; common toilet NW; staircase beside utility with service door behind
12,SERVICE_ZONE,"kitchen,utility,store,toilet_common,staircase",Premium service pod with store room and staircase in 4BHK,4BHK,ANY,PUBLIC_ZONE,PRIVATE_ZONE,2,3.5,0.24,Agni,1,1,LOW,Store room accessible from bedroom corridor — service zone extends into private wing violating zone separation,#FFF9C4,4BHK kitchen SE; utility and store beside kitchen; staircase at service zone end; common toilet NW near corridor
13,PASSAGE_ZONE,corridor,Full-width linear corridor separating service from private zone in 2BHK,2BHK,ANY,PUBLIC_ZONE,SERVICE_ZONE,2,2.0,0.10,Brahmasthana,0,0,MEDIUM,No corridor in 2BHK means bedrooms open directly into living — acoustic and visual privacy failure,#F3F3F3,2BHK corridor 1.0-1.2m deep spans full net width between band 3 and band 4; bedroom doors on south face
14,PASSAGE_ZONE,corridor,Full-width linear corridor as primary bedroom access spine in 3BHK,3BHK,ANY,PUBLIC_ZONE,SERVICE_ZONE,2,2.0,0.09,Brahmasthana,0,0,MEDIUM,Corridor connected to kitchen instead of living — service traffic contaminates private zone access,#F3F3F3,3BHK corridor 1.0-1.2m deep full net width; living door on N face; kitchen door mid-corridor; all bedroom doors on S face
15,PASSAGE_ZONE,corridor,Wide corridor with bedroom wing access and pooja alcove in 4BHK,4BHK,ANY,PUBLIC_ZONE,SERVICE_ZONE,2,2.0,0.08,Brahmasthana,0,0,MEDIUM,Corridor too narrow in 4BHK for four bedroom doors — crowding creates circulation failure at peak use,#F3F3F3,4BHK corridor 1.2m minimum; four bedroom doors on S face; living opens N; pooja niche at E end of corridor
16,PRIVATE_ZONE,"master_bedroom,toilet_attached",Single bedroom private zone in 1BHK with attached toilet behind bedroom,1BHK,ANY,PUBLIC_ZONE,SERVICE_ZONE,2,2.5,0.42,Nairuthya,1,1,HIGH,Bedroom accessible from kitchen — service staff path through private zone is unacceptable,#C8D8E8,1BHK master bedroom SW or S with attached toilet sharing W or S wall; bedroom door faces living not kitchen
17,PRIVATE_ZONE,"master_bedroom,toilet_attached,bedroom_2",Two-bedroom private wing with master and second bedroom in 2BHK,2BHK,ANY,PASSAGE_ZONE,SERVICE_ZONE,3,3.5,0.44,Nairuthya,1,1,HIGH,Both bedroom doors face living room — private zone completely exposed to guest sightlines in 2BHK,#C8D8E8,2BHK master SW with attached toilet on W side; bedroom_2 on SE side; corridor access only
18,PRIVATE_ZONE,"master_bedroom,toilet_attached,bedroom_2,bedroom_3",Three-bedroom private wing as full-width private band in 3BHK,3BHK,ANY,PASSAGE_ZONE,SERVICE_ZONE,3,4.0,0.46,Nairuthya,1,1,HIGH,Third bedroom accessible only through master bedroom — cascading privacy violation,#C8D8E8,3BHK master SW; bedroom_2 SE; bedroom_3 S-centre; all doors face corridor; attached toilet on W wall of master
19,PRIVATE_ZONE,"master_bedroom,toilet_attached,bedroom_2,bedroom_3,bedroom_4",Four-bedroom private wing in premium 4BHK with dedicated bedroom corridor,4BHK,ANY,PASSAGE_ZONE,SERVICE_ZONE,3,4.5,0.48,Nairuthya,1,1,HIGH,Any bedroom door visible from living or verandah destroys private zone enclosure for 4BHK,#C8D8E8,4BHK master SW corner with ensuite; bedroom_2 SE; bedroom_3 S-W; bedroom_4 S-E; corridor serves all four doors
20,SEMI_PRIVATE_ZONE,"pooja,staircase",Transitional elements at threshold between public and private in compact 1-2BHK,1BHK,ANY,PUBLIC_ZONE,SERVICE_ZONE,2,1.5,0.06,Ishan,1,1,MEDIUM,No transitional space — bedroom door opens directly into living with zero privacy gradient,#EDE7F6,1BHK: pooja niche near NE of living room; no staircase needed; transition marked by floor level change only
21,SEMI_PRIVATE_ZONE,"pooja,staircase",Transitional zone with pooja room and staircase in 2BHK G+1,2BHK,ANY,PUBLIC_ZONE,SERVICE_ZONE,2,1.8,0.08,Ishan,1,1,MEDIUM,Staircase opens from kitchen — vertical circulation forces service route through cooking zone,#EDE7F6,2BHK: small pooja room at NE of corridor junction; staircase at service zone boundary near corridor
22,SEMI_PRIVATE_ZONE,"pooja,staircase",Well-defined semi-private zone with separate pooja room and staircase in 3BHK,3BHK,ANY,PUBLIC_ZONE,SERVICE_ZONE,2,2.0,0.09,Ishan,1,1,MEDIUM,Pooja room adjacent to toilet — sacred space contaminated by proximity to sanitation facilities,#EDE7F6,3BHK: pooja room NE corner of service band; staircase SW near utility; clear zone between living and bedrooms
23,SEMI_PRIVATE_ZONE,"pooja,staircase",Premium transitional zone with formal pooja room and grand staircase in 4BHK,4BHK,ANY,PUBLIC_ZONE,SERVICE_ZONE,2,2.5,0.10,Ishan,1,1,MEDIUM,No clear transition zone in 4BHK — guest walks from living directly into four-bedroom corridor,#EDE7F6,4BHK: dedicated pooja room at NE with double-leaf carved door; staircase at S end; foyer marks zone transition
